ProjectID,GearID,Date,LatDeg,LatMin,LongDeg,LongMin,SampleDepth,BottomTemp,Sampler,Flounder,BottomType,ReefName,SampleID,SpCode,Specimen,TL,SL,TotalWeight,GonadWeight,SomaticWeight,Sex,Maturity,LeftOtolith,RightOtolith,Histology,Age,MOD,YearClass,Frozen,POFs,Atresia,CommonName,ScientificName,FamilyName
T51,065,2007-03-07,32,33.354,79,40.299,21,,SCDNR,T,"AR Metal Wreck","Charleston 60 240 Barge",70020,A412,1,498,412,1658,12.0,,F,3,T,T,T,5,1711,2002,F,,,"Gulf Flounder","Paralichthys albigutta",Paralichthyidae
T51,065,2007-03-07,32,33.100,79,40.100,22,,SCDNR,T,"AR Metal","Charleston 60 APCs",70021,A412,1,357,291,533,6.7,,M,12,T,T,T,3,,2004,F,,,"Gulf Flounder","Paralichthys albigutta",Paralichthyidae
T51,065,2007-03-07,32,33.100,79,40.100,22,,SCDNR,T,"AR Metal","Charleston 60 APCs",70021,A412,2,535,450,2537,10.6,,F,,T,T,T,6,,2001,F,,,"Gulf Flounder","Paralichthys albigutta",Paralichthyidae
T51,065,2007-05-31,33,8.600,78,50.600,20,,SCDNR,T,"AR Metal","Upchurch APCs",70024,A412,3,531,406,,,,F,,T,T,F,4,,2003,F,,,"Gulf Flounder","Paralichthys albigutta",Paralichthyidae
T51,065,2007-05-31,33,8.600,78,50.600,20,,SCDNR,T,"AR Metal","Upchurch APCs",70024,A412,2,500,420,,,,F,,T,T,F,5,,2002,F,,,"Gulf Flounder","Paralichthys albigutta",Paralichthyidae
T51,065,2007-05-31,33,8.600,78,50.600,20,,SCDNR,T,"AR Metal","Upchurch APCs",70024,A412,5,465,390,,,,F,,T,T,F,4,,2003,F,,,"Gulf Flounder","Paralichthys albigutta",Paralichthyidae
T51,065,2007-05-31,33,8.600,78,50.600,20,,SCDNR,T,"AR Metal","Upchurch APCs",70024,A412,1,520,410,,,,F,,T,T,F,5,,2002,F,,,"Gulf Flounder","Paralichthys albigutta",Paralichthyidae
T51,065,2007-05-31,33,8.600,78,50.600,20,,SCDNR,T,"AR Metal","Upchurch APCs",70024,A412,4,420,350,,,,F,,T,T,F,2,,2005,F,,,"Gulf Flounder","Paralichthys albigutta",Paralichthyidae
T51,065,2007-05-30,32,33.100,79,40.000,20,,SCDNR,T,"AR Metal","Charleston 60 APCs",70025,A412,2,390,325,,,,F,,T,T,F,3,,2004,F,,,"Gulf Flounder","Paralichthys albigutta",Paralichthyidae
T51,065,2007-05-30,32,33.100,79,40.000,20,,SCDNR,T,"AR Metal","Charleston 60 APCs",70025,A412,13,420,360,,,,F,,F,T,F,5,,2002,F,,,"Gulf Flounder","Paralichthys albigutta",Paralichthyidae
T51,065,2007-05-30,32,33.100,79,40.000,20,,SCDNR,T,"AR Metal","Charleston 60 APCs",70025,A412,9,426,355,,,,F,,T,T,F,3,,2004,F,,,"Gulf Flounder","Paralichthys albigutta",Paralichthyidae
T51,065,2007-05-30,32,33.100,79,40.000,20,,SCDNR,T,"AR Metal","Charleston 60 APCs",70025,A412,5,426,359,,,,F,,F,T,F,3,,2004,F,,,"Gulf Flounder","Paralichthys albigutta",Paralichthyidae
T51,065,2007-05-30,32,33.100,79,40.000,20,,SCDNR,T,"AR Metal","Charleston 60 APCs",70025,A412,1,432,356,,,,F,,T,T,F,3,,2004,F,,,"Gulf Flounder","Paralichthys albigutta",Paralichthyidae
T51,065,2007-05-30,32,33.100,79,40.000,20,,SCDNR,T,"AR Metal","Charleston 60 APCs",70025,A412,12,357,288,,,,F,,T,T,F,2,,2005,F,,,"Gulf Flounder","Paralichthys albigutta",Paralichthyidae
T51,065,2007-05-30,32,33.100,79,40.000,20,,SCDNR,T,"AR Metal","Charleston 60 APCs",70025,A412,8,490,415,,,,F,,T,T,F,4,,2003,F,,,"Gulf Flounder","Paralichthys albigutta",Paralichthyidae
T51,065,2007-05-30,32,33.100,79,40.000,20,,SCDNR,T,"AR Metal","Charleston 60 APCs",70025,A412,4,427,348,,,,F,,T,T,F,3,,2004,F,,,"Gulf Flounder","Paralichthys albigutta",Paralichthyidae
T51,065,2007-05-30,32,33.100,79,40.000,20,,SCDNR,T,"AR Metal","Charleston 60 APCs",70025,A412,11,320,255,,,,F,,T,T,F,2,,2005,F,,,"Gulf Flounder","Paralichthys albigutta",Paralichthyidae
T51,065,2007-05-30,32,33.100,79,40.000,20,,SCDNR,T,"AR Metal","Charleston 60 APCs",70025,A412,7,345,277,,,,F,,T,T,F,2,,2005,F,,,"Gulf Flounder","Paralichthys albigutta",Paralichthyidae
T51,065,2007-05-30,32,33.100,79,40.000,20,,SCDNR,T,"AR Metal","Charleston 60 APCs",70025,A412,3,450,380,,,,F,,T,F,F,4,,2003,F,,,"Gulf Flounder","Paralichthys albigutta",Paralichthyidae
T51,065,2007-05-30,32,33.100,79,40.000,20,,SCDNR,T,"AR Metal","Charleston 60 APCs",70025,A412,10,453,361,,,,F,,T,T,F,5,,2002,F,,,"Gulf Flounder","Paralichthys albigutta",Paralichthyidae
T51,065,2007-05-30,32,33.100,79,40.000,20,,SCDNR,T,"AR Metal","Charleston 60 APCs",70025,A412,6,490,400,,,,F,,T,T,F,5,,2002,F,,,"Gulf Flounder","Paralichthys albigutta",Paralichthyidae
T51,065,2007-06-29,32,33.100,79,40.200,20,,SCDNR,T,"AR Metal","Charleston 60 APCs",70026,A412,1,444,,,,,F,,T,T,F,3,,2004,F,,,"Gulf Flounder","Paralichthys albigutta",Paralichthyidae
T51,065,2007-07-27,32,32.400,79,33.500,20,,SCDNR,T,"Live Bottom","Chamberlain's Gulch",70027,A412,1,440,,,,,F,,T,T,F,4,,2003,F,,,"Gulf Flounder","Paralichthys albigutta",Paralichthyidae
T51,065,2007-08-28,33,41.957,78,26.639,18,,SCDNR,T,"Artificial Reef","Little River Offshore Reef PA 2",70028,A412,2,410,,,,,F,,T,T,F,3,,2004,F,,,"Gulf Flounder","Paralichthys albigutta",Paralichthyidae
T51,065,2007-08-28,33,41.957,78,26.639,18,,SCDNR,T,"Artificial Reef","Little River Offshore Reef PA 2",70028,A412,1,554,,,,,F,,T,T,F,6,,2001,F,,,"Gulf Flounder","Paralichthys albigutta",Paralichthyidae
T51,065,2007-10-04,33,48.812,78,30.514,10,,"John Mclauren",T,"Artificial Reef","Little River Reef PA 1",70029,A412,1,525,446,,,,F,,T,T,F,5,,2002,F,,,"Gulf Flounder","Paralichthys albigutta",Paralichthyidae
T51,065,2007-10-05,33,48.812,78,30.514,9,,"John Mclauren",T,"Artificial Reef","Little River Reef PA 1",70030,A412,1,592,495,,,,F,,T,T,F,5,,2002,F,,,"Gulf Flounder","Paralichthys albigutta",Paralichthyidae
T51,065,2007-10-10,33,50.200,78,22.100,11,,"John Mclauren",T,"Artificial Reef","AR 460 & Shallotte's Ledge",70031,A414,2,592,498,,,,F,,T,T,T,6,,2001,F,,,"Southern Flounder","Paralichthys lethostigma",Paralichthyidae
T51,065,2007-10-10,33,50.200,78,22.100,11,,"John Mclauren",T,"Artificial Reef","AR 460 & Shallotte's Ledge",70031,A414,1,357,297,,,,F,,T,T,F,2,,2005,F,,,"Southern Flounder","Paralichthys lethostigma",Paralichthyidae
T51,065,2007-10-08,33,48.812,78,30.514,9,,"John Mclauren",T,"Artificial Reef","Little River Reef PA 1",70032,A412,1,455,376,,,,F,,T,F,F,4,,2003,F,,,"Gulf Flounder","Paralichthys albigutta",Paralichthyidae
T51,065,2007-10-08,33,48.812,78,30.514,9,,"John Mclauren",T,"Artificial Reef","Little River Reef PA 1",70032,A414,1,521,447,,,,F,,T,T,F,3,,2004,F,,,"Southern Flounder","Paralichthys lethostigma",Paralichthyidae
T51,065,2007-10-11,33,48.812,78,30.514,10,,"John Mclauren",T,"Artificial Reef","Little River Reef PA 1",70033,A414,2,489,407,,,,F,,T,T,F,4,,2003,F,,,"Southern Flounder","Paralichthys lethostigma",Paralichthyidae
T51,065,2007-10-11,33,48.812,78,30.514,10,,"John Mclauren",T,"Artificial Reef","Little River Reef PA 1",70033,A414,5,475,391,,,,F,,T,T,F,4,,2003,F,,,"Southern Flounder","Paralichthys lethostigma",Paralichthyidae
T51,065,2007-10-11,33,48.812,78,30.514,10,,"John Mclauren",T,"Artificial Reef","Little River Reef PA 1",70033,A414,1,595,506,,,,F,,T,T,F,4,,2003,F,,,"Southern Flounder","Paralichthys lethostigma",Paralichthyidae
T51,065,2007-10-11,33,48.812,78,30.514,10,,"John Mclauren",T,"Artificial Reef","Little River Reef PA 1",70033,A414,4,532,446,,,,F,,T,T,F,5,,2002,F,,,"Southern Flounder","Paralichthys lethostigma",Paralichthyidae
T51,065,2007-10-11,33,48.812,78,30.514,10,,"John Mclauren",T,"Artificial Reef","Little River Reef PA 1",70033,A412,1,486,411,,,,F,,T,F,F,3,,2004,F,,,"Gulf Flounder","Paralichthys albigutta",Paralichthyidae
T51,065,2007-10-11,33,48.812,78,30.514,10,,"John Mclauren",T,"Artificial Reef","Little River Reef PA 1",70033,A414,3,435,357,,,,F,,T,T,F,3,,2004,F,,,"Southern Flounder","Paralichthys lethostigma",Paralichthyidae
T51,065,2007-10-13,33,41.957,78,26.639,20,,"Scott McClary",T,"Artificial Reef","Little River Reefs PA 1 & PA 2",70034,A414,13,446,,,,,F,5,T,T,T,4,230,2003,T,,,"Southern Flounder","Paralichthys lethostigma",Paralichthyidae
T51,065,2007-10-13,33,41.957,78,26.639,20,,"Scott McClary",T,"Artificial Reef","Little River Reefs PA 1 & PA 2",70034,A412,11,402,,,,,F,2,T,T,T,3,289,2004,T,,,"Gulf Flounder","Paralichthys albigutta",Paralichthyidae
T51,065,2007-10-13,33,41.957,78,26.639,20,,"Scott McClary",T,"Artificial Reef","Little River Reefs PA 1 & PA 2",70034,A414,9,536,,,,,F,2,T,T,T,3,288,2004,T,,,"Southern Flounder","Paralichthys lethostigma",Paralichthyidae
T51,065,2007-10-13,33,41.957,78,26.639,20,,"Scott McClary",T,"Artificial Reef","Little River Reefs PA 1 & PA 2",70034,A414,24,508,,,,,F,5,T,T,T,2,220,2005,T,,,"Southern Flounder","Paralichthys lethostigma",Paralichthyidae
T51,065,2007-10-13,33,41.957,78,26.639,20,,"Scott McClary",T,"Artificial Reef","Little River Reefs PA 1 & PA 2",70034,A412,7,465,,,,,F,5,T,T,T,5,260,2002,T,,,"Gulf Flounder","Paralichthys albigutta",Paralichthyidae
T51,065,2007-10-13,33,41.957,78,26.639,20,,"Scott McClary",T,"Artificial Reef","Little River Reefs PA 1 & PA 2",70034,A414,5,556,,,,,F,2,T,T,T,3,478,2004,T,,,"Southern Flounder","Paralichthys lethostigma",Paralichthyidae
T51,065,2007-10-13,33,41.957,78,26.639,20,,"Scott McClary",T,"Artificial Reef","Little River Reefs PA 1 & PA 2",70034,A414,20,555,,,,,F,,T,T,T,4,,2003,T,,,"Southern Flounder","Paralichthys lethostigma",Paralichthyidae
T51,065,2007-10-13,33,41.957,78,26.639,20,,"Scott McClary",T,"Artificial Reef","Little River Reefs PA 1 & PA 2",70034,A475,2,405,,,,,F,,T,T,T,4,,2003,T,,,Flounder,Bothidae,Bothidae
T51,065,2007-10-13,33,41.957,78,26.639,20,,"Scott McClary",T,"Artificial Reef","Little River Reefs PA 1 & PA 2",70034,A412,3,402,,,,,F,5,T,F,T,3,253,2004,T,,,"Gulf Flounder","Paralichthys albigutta",Paralichthyidae
T51,065,2007-10-13,33,41.957,78,26.639,20,,"Scott McClary",T,"Artificial Reef","Little River Reefs PA 1 & PA 2",70034,A414,1,560,,,,,F,5,T,F,T,4,247,2003,T,,,"Southern Flounder","Paralichthys lethostigma",Paralichthyidae
T51,065,2007-10-13,33,41.957,78,26.639,20,,"Scott McClary",T,"Artificial Reef","Little River Reefs PA 1 & PA 2",70034,A412,18,539,,,,,F,5,T,T,T,5,280,2002,T,,,"Gulf Flounder","Paralichthys albigutta",Paralichthyidae
T51,065,2007-10-13,33,41.957,78,26.639,20,,"Scott McClary",T,"Artificial Reef","Little River Reefs PA 1 & PA 2",70034,A414,16,488,,,,,F,2,T,T,T,4,283,2003,T,,,"Southern Flounder","Paralichthys lethostigma",Paralichthyidae
T51,065,2007-10-13,33,41.957,78,26.639,20,,"Scott McClary",T,"Artificial Reef","Little River Reefs PA 1 & PA 2",70034,A412,14,532,,,,,F,2,T,T,T,4,360,2003,T,,,"Gulf Flounder","Paralichthys albigutta",Paralichthyidae
T51,065,2007-10-13,33,41.957,78,26.639,20,,"Scott McClary",T,"Artificial Reef","Little River Reefs PA 1 & PA 2",70034,A414,12,511,,,,,F,2,T,F,T,4,370,2003,T,,,"Southern Flounder","Paralichthys lethostigma",Paralichthyidae
T51,065,2007-10-13,33,41.957,78,26.639,20,,"Scott McClary",T,"Artificial Reef","Little River Reefs PA 1 & PA 2",70034,A414,27,509,,,,,F,2,T,F,T,4,525,2003,T,,,"Southern Flounder","Paralichthys lethostigma",Paralichthyidae
T51,065,2007-10-13,33,41.957,78,26.639,20,,"Scott McClary",T,"Artificial Reef","Little River Reefs PA 1 & PA 2",70034,A412,10,593,,,,,F,2,T,F,T,3,480,2004,T,,,"Gulf Flounder","Paralichthys albigutta",Paralichthyidae
T51,065,2007-10-13,33,41.957,78,26.639,20,,"Scott McClary",T,"Artificial Reef","Little River Reefs PA 1 & PA 2",70034,A414,8,486,,,,,F,5,T,T,T,4,211,2003,T,,,"Southern Flounder","Paralichthys lethostigma",Paralichthyidae
T51,065,2007-10-13,33,41.957,78,26.639,20,,"Scott McClary",T,"Artificial Reef","Little River Reefs PA 1 & PA 2",70034,A414,23,481,,,,,F,2,T,F,T,3,463,2004,T,,,"Southern Flounder","Paralichthys lethostigma",Paralichthyidae
T51,065,2007-10-13,33,41.957,78,26.639,20,,"Scott McClary",T,"Artificial Reef","Little River Reefs PA 1 & PA 2",70034,A412,6,527,,,,,F,5,F,F,T,,232,,T,,,"Gulf Flounder","Paralichthys albigutta",Paralichthyidae
T51,065,2007-10-13,33,41.957,78,26.639,20,,"Scott McClary",T,"Artificial Reef","Little River Reefs PA 1 & PA 2",70034,A414,4,485,,,,,F,5,T,F,T,3,235,2004,T,,,"Southern Flounder","Paralichthys lethostigma",Paralichthyidae
T51,065,2007-10-13,33,41.957,78,26.639,20,,"Scott McClary",T,"Artificial Reef","Little River Reefs PA 1 & PA 2",70034,A414,19,428,,,,,F,5,T,T,T,4,280,2003,T,,,"Southern Flounder","Paralichthys lethostigma",Paralichthyidae
T51,065,2007-10-13,33,41.957,78,26.639,20,,"Scott McClary",T,"Artificial Reef","Little River Reefs PA 1 & PA 2",70034,A475,1,417,,,,,F,2,T,T,T,2,230,2005,T,,,Flounder,Bothidae,Bothidae
T51,065,2007-10-13,33,41.957,78,26.639,20,,"Scott McClary",T,"Artificial Reef","Little River Reefs PA 1 & PA 2",70034,A412,2,529,,,,,F,5,T,T,T,4,220,2003,T,,,"Gulf Flounder","Paralichthys albigutta",Paralichthyidae
T51,065,2007-10-13,33,41.957,78,26.639,20,,"Scott McClary",T,"Artificial Reef","Little River Reefs PA 1 & PA 2",70034,A412,17,535,,,,,F,5,T,T,T,5,220,2002,T,,,"Gulf Flounder","Paralichthys albigutta",Paralichthyidae
T51,065,2007-10-13,33,41.957,78,26.639,20,,"Scott McClary",T,"Artificial Reef","Little River Reefs PA 1 & PA 2",70034,A414,15,575,,,,,F,2,T,T,T,4,749,2003,T,,,"Southern Flounder","Paralichthys lethostigma",Paralichthyidae
T51,065,2007-10-13,33,41.957,78,26.639,20,,"Scott McClary",T,"Artificial Reef","Little River Reefs PA 1 & PA 2",70034,A412,13,510,,,,,F,2,T,F,T,5,894,2002,T,,,"Gulf Flounder","Paralichthys albigutta",Paralichthyidae
T51,065,2007-10-13,33,41.957,78,26.639,20,,"Scott McClary",T,"Artificial Reef","Little River Reefs PA 1 & PA 2",70034,A414,11,532,,,,,F,,T,T,T,,,,T,,,"Southern Flounder","Paralichthys lethostigma",Paralichthyidae
T51,065,2007-10-13,33,41.957,78,26.639,20,,"Scott McClary",T,"Artificial Reef","Little River Reefs PA 1 & PA 2",70034,A414,26,470,,,,,F,5,T,F,T,4,210,2003,T,,,"Southern Flounder","Paralichthys lethostigma",Paralichthyidae
T51,065,2007-10-13,33,41.957,78,26.639,20,,"Scott McClary",T,"Artificial Reef","Little River Reefs PA 1 & PA 2",70034,A412,9,436,,,,,F,2,T,T,T,6,662,2001,T,,,"Gulf Flounder","Paralichthys albigutta",Paralichthyidae
T51,065,2007-10-13,33,41.957,78,26.639,20,,"Scott McClary",T,"Artificial Reef","Little River Reefs PA 1 & PA 2",70034,A414,7,468,,,,,F,5,T,T,T,3,208,0,T,,,"Southern Flounder","Paralichthys lethostigma",Paralichthyidae
T51,065,2007-10-13,33,41.957,78,26.639,20,,"Scott McClary",T,"Artificial Reef","Little River Reefs PA 1 & PA 2",70034,A414,22,471,,,,,F,5,T,T,T,4,210,2003,T,,,"Southern Flounder","Paralichthys lethostigma",Paralichthyidae
T51,065,2007-10-13,33,41.957,78,26.639,20,,"Scott McClary",T,"Artificial Reef","Little River Reefs PA 1 & PA 2",70034,A412,5,406,,,,,F,,T,T,T,2,,2005,T,,,"Gulf Flounder","Paralichthys albigutta",Paralichthyidae
T51,065,2007-10-13,33,41.957,78,26.639,20,,"Scott McClary",T,"Artificial Reef","Little River Reefs PA 1 & PA 2",70034,A414,3,472,,,,,F,5,T,T,T,5,251,2002,T,,,"Southern Flounder","Paralichthys lethostigma",Paralichthyidae
T51,065,2007-10-13,33,41.957,78,26.639,20,,"Scott McClary",T,"Artificial Reef","Little River Reefs PA 1 & PA 2",70034,A414,18,502,,,,,F,2,T,T,T,2,330,2005,T,,,"Southern Flounder","Paralichthys lethostigma",Paralichthyidae
T51,065,2007-10-13,33,41.957,78,26.639,20,,"Scott McClary",T,"Artificial Reef","Little River Reefs PA 1 & PA 2",70034,A412,1,515,,,,,F,2,T,F,T,4,276,2003,T,,,"Gulf Flounder","Paralichthys albigutta",Paralichthyidae
T51,065,2007-10-13,33,41.957,78,26.639,20,,"Scott McClary",T,"Artificial Reef","Little River Reefs PA 1 & PA 2",70034,A412,16,348,,,,,F,2,T,T,T,2,,2005,T,,,"Gulf Flounder","Paralichthys albigutta",Paralichthyidae
T51,065,2007-10-13,33,41.957,78,26.639,20,,"Scott McClary",T,"Artificial Reef","Little River Reefs PA 1 & PA 2",70034,A414,14,466,,,,,F,5,T,T,T,4,250,2003,T,,,"Southern Flounder","Paralichthys lethostigma",Paralichthyidae
T51,065,2007-10-13,33,41.957,78,26.639,20,,"Scott McClary",T,"Artificial Reef","Little River Reefs PA 1 & PA 2",70034,A412,12,494,,,,,F,2,T,T,T,5,720,2002,T,,,"Gulf Flounder","Paralichthys albigutta",Paralichthyidae
T51,065,2007-10-13,33,41.957,78,26.639,20,,"Scott McClary",T,"Artificial Reef","Little River Reefs PA 1 & PA 2",70034,A414,10,530,,,,,F,5,T,T,T,3,228,2004,T,,,"Southern Flounder","Paralichthys lethostigma",Paralichthyidae
T51,065,2007-10-13,33,41.957,78,26.639,20,,"Scott McClary",T,"Artificial Reef","Little River Reefs PA 1 & PA 2",70034,A414,25,524,,,,,F,2,T,T,T,4,300,2003,T,,,"Southern Flounder","Paralichthys lethostigma",Paralichthyidae
T51,065,2007-10-13,33,41.957,78,26.639,20,,"Scott McClary",T,"Artificial Reef","Little River Reefs PA 1 & PA 2",70034,A412,8,419,,,,,F,,T,T,T,2,,2005,T,,,"Gulf Flounder","Paralichthys albigutta",Paralichthyidae
T51,065,2007-10-13,33,41.957,78,26.639,20,,"Scott McClary",T,"Artificial Reef","Little River Reefs PA 1 & PA 2",70034,A414,6,510,,,,,F,,T,F,T,4,,2003,T,,,"Southern Flounder","Paralichthys lethostigma",Paralichthyidae
T51,065,2007-10-13,33,41.957,78,26.639,20,,"Scott McClary",T,"Artificial Reef","Little River Reefs PA 1 & PA 2",70034,A414,21,535,,,,,F,2,T,T,T,4,310,2003,T,,,"Southern Flounder","Paralichthys lethostigma",Paralichthyidae
T51,065,2007-10-13,33,41.957,78,26.639,20,,"Scott McClary",T,"Artificial Reef","Little River Reefs PA 1 & PA 2",70034,A412,4,545,,,,,F,2,T,F,T,8,409,1999,T,,,"Gulf Flounder","Paralichthys albigutta",Paralichthyidae
T51,065,2007-10-13,33,41.957,78,26.639,20,,"Scott McClary",T,"Artificial Reef","Little River Reefs PA 1 & PA 2",70034,A414,2,578,,,,,F,2,T,F,T,4,544,2003,T,,,"Southern Flounder","Paralichthys lethostigma",Paralichthyidae
T51,065,2007-10-13,33,41.957,78,26.639,20,,"Scott McClary",T,"Artificial Reef","Little River Reefs PA 1 & PA 2",70034,A414,17,493,,,,,F,5,T,T,T,3,,2004,T,,,"Southern Flounder","Paralichthys lethostigma",Paralichthyidae
T51,065,2007-10-13,33,41.957,78,26.639,20,,"Scott McClary",T,"Artificial Reef","Little River Reefs PA 1 & PA 2",70034,A412,15,540,,,,,F,5,T,T,T,5,265,2002,T,,,"Gulf Flounder","Paralichthys albigutta",Paralichthyidae
T51,065,2007-09-28,32,33.147,79,40.249,18,,SCDNR,T,"Artificial Reef","Charleston 60",70035,A414,1,395,,,,,F,2,T,T,T,2,520,2005,F,,,"Southern Flounder","Paralichthys lethostigma",Paralichthyidae
T51,065,2007-09-28,32,33.147,79,40.249,18,,SCDNR,T,"Artificial Reef","Charleston 60",70035,A412,4,401,,,,,F,2,T,T,T,2,300,2005,F,,,"Gulf Flounder","Paralichthys albigutta",Paralichthyidae
T51,065,2007-09-28,32,33.147,79,40.249,18,,SCDNR,T,"Artificial Reef","Charleston 60",70035,A412,3,458,,,,,F,5,T,T,T,5,190,2002,F,,,"Gulf Flounder","Paralichthys albigutta",Paralichthyidae
T51,065,2007-09-28,32,33.147,79,40.249,18,,SCDNR,T,"Artificial Reef","Charleston 60",70035,A412,2,511,,,,,F,2,T,T,T,4,300,2003,F,,,"Gulf Flounder","Paralichthys albigutta",Paralichthyidae
T51,065,2007-09-28,32,33.147,79,40.249,18,,SCDNR,T,"Artificial Reef","Charleston 60",70035,A412,5,446,,,,,F,2,T,T,T,5,540,2002,F,,,"Gulf Flounder","Paralichthys albigutta",Paralichthyidae
T51,065,2007-09-28,32,33.147,79,40.249,18,,SCDNR,T,"Artificial Reef","Charleston 60",70035,A412,1,465,,,,,F,,T,T,T,5,,2002,F,,,"Gulf Flounder","Paralichthys albigutta",Paralichthyidae
T51,065,2007-10-14,32,30.950,79,40.078,29,,"Owen Hecht",T,"Live Bottom","Owen's Live Bottom",70036,A412,3,497,,,,,F,5,T,T,T,5,200,2002,F,,,"Gulf Flounder","Paralichthys albigutta",Paralichthyidae
T51,065,2007-10-14,32,30.950,79,40.078,29,,"Owen Hecht",T,"Live Bottom","Owen's Live Bottom",70036,A412,2,410,,,,,F,5,T,T,T,3,200,2004,F,,,"Gulf Flounder","Paralichthys albigutta",Paralichthyidae
T51,065,2007-10-14,32,30.950,79,40.078,29,,"Owen Hecht",T,"Live Bottom","Owen's Live Bottom",70036,A412,1,610,,,,,F,5,T,T,T,6,200,2001,F,,,"Gulf Flounder","Paralichthys albigutta",Paralichthyidae
T51,065,2007-10-14,32,30.950,79,40.078,29,,"Owen Hecht",T,"Live Bottom","Owen's Live Bottom",70036,A412,4,385,,,,,M,12,T,T,T,4,,2003,F,,,"Gulf Flounder","Paralichthys albigutta",Paralichthyidae
T51,065,2007-10-13,32,19.191,79,37.642,28,,"James Cockrill",T,"Live Bottom","James' Live Bottom",70037,A412,1,399,,,,,F,5,T,T,T,3,236,2004,F,,,"Gulf Flounder","Paralichthys albigutta",Paralichthyidae
T51,065,2007-10-20,32,33.354,79,40.299,18,,"Owen Hecht",T,"AR Metal Wreck","Charleston 60 240 Barge",70038,A412,1,493,,,,,F,11,T,T,T,6,1154,2001,F,,,"Gulf Flounder","Paralichthys albigutta",Paralichthyidae
T51,065,2007-11-17,33,31.071,78,58.140,10,,"Cabell Young",T,"Artificial Reef","Paradise Reef PA 9",70039,A412,1,436,,,,,F,,T,F,T,2,,2005,F,,,"Gulf Flounder","Paralichthys albigutta",Paralichthyidae
T51,065,2007-11-17,33,31.071,78,58.140,10,,"Cabell Young",T,"Artificial Reef","Paradise Reef PA 9",70039,A412,2,522,,,,,F,5,F,T,T,4,200,2003,F,,,"Gulf Flounder","Paralichthys albigutta",Paralichthyidae
T51,065,2007-11-17,33,31.071,78,58.140,10,,"Cabell Young",T,"Artificial Reef","Paradise Reef PA 9",70039,A414,1,471,,,,,F,2,T,T,T,3,580,2004,F,,,"Southern Flounder","Paralichthys lethostigma",Paralichthyidae
T51,065,2007-10-14,33,50.200,78,22.100,11,,"John Mclauren",T,"Artificial Reef","AR 460",70040,A414,2,513,,,,,F,2,T,T,T,5,350,2002,F,,,"Southern Flounder","Paralichthys lethostigma",Paralichthyidae
T51,065,2007-10-14,33,50.200,78,22.100,11,,"John Mclauren",T,"Artificial Reef","AR 460",70040,A412,1,391,,,,,F,5,T,T,T,2,220,2005,F,,,"Gulf Flounder","Paralichthys albigutta",Paralichthyidae
T51,065,2007-10-14,33,50.200,78,22.100,11,,"John Mclauren",T,"Artificial Reef","AR 460",70040,A414,1,522,,,,,F,2,T,T,T,4,480,2003,F,,,"Southern Flounder","Paralichthys lethostigma",Paralichthyidae
T51,065,2007-10-13,33,48.812,78,30.514,10,,"John Mclauren",T,"Artificial Reef","Little River Reef PA 1",70041,A414,2,436,,,,,F,5,T,T,T,3,248,2004,F,,,"Southern Flounder","Paralichthys lethostigma",Paralichthyidae
T51,065,2007-10-13,33,48.812,78,30.514,10,,"John Mclauren",T,"Artificial Reef","Little River Reef PA 1",70041,A414,1,443,,,,,F,5,T,T,T,2,200,2005,F,,,"Southern Flounder","Paralichthys lethostigma",Paralichthyidae
T51,065,2007-10-12,33,48.812,78,30.514,10,,"John Mclauren",T,"Artificial Reef","Little River Reef PA 1",70042,A414,2,419,,,,,F,2,T,T,T,4,360,2003,F,,,"Southern Flounder","Paralichthys lethostigma",Paralichthyidae
T51,065,2007-10-12,33,48.812,78,30.514,10,,"John Mclauren",T,"Artificial Reef","Little River Reef PA 1",70042,A414,1,579,,,,,F,2,T,T,T,4,280,2003,F,,,"Southern Flounder","Paralichthys lethostigma",Paralichthyidae
T51,065,2007-10-12,33,48.812,78,30.514,10,,"John Mclauren",T,"Artificial Reef","Little River Reef PA 1",70042,A414,4,420,,,,,F,2,T,T,T,3,330,2004,F,,,"Southern Flounder","Paralichthys lethostigma",Paralichthyidae
T51,065,2007-10-12,33,48.812,78,30.514,10,,"John Mclauren",T,"Artificial Reef","Little River Reef PA 1",70042,A413,1,376,,,,,F,5,T,T,T,1,220,2006,F,,,"Summer Flounder","Paralichthys dentatus",Paralichthyidae
T51,065,2007-10-12,33,48.812,78,30.514,10,,"John Mclauren",T,"Artificial Reef","Little River Reef PA 1",70042,A414,3,425,,,,,F,5,T,F,T,4,210,2003,F,,,"Southern Flounder","Paralichthys lethostigma",Paralichthyidae
T51,065,2007-12-11,32,56.800,78,54.600,26,,"Keith Parker",T,"Artificial Reef","Greenville Reef PA 18 Cones",70048,A412,1,481,,,,,F,11,T,T,T,5,1110,2002,T,2,,"Gulf Flounder","Paralichthys albigutta",Paralichthyidae
T51,065,2007-12-11,32,56.800,78,54.600,26,,"Keith Parker",T,"Artificial Reef","Greenville Reef PA 18 Cones",70048,A475,8,,,,,,,,F,F,F,0,,0,T,,,Flounder,Bothidae,Bothidae
T51,065,2007-12-11,32,56.800,78,54.600,26,,"Keith Parker",T,"Artificial Reef","Greenville Reef PA 18 Cones",70048,A475,4,,,,,,,,F,F,F,0,,0,T,,,Flounder,Bothidae,Bothidae
T51,065,2007-12-11,32,56.800,78,54.600,26,,"Keith Parker",T,"Artificial Reef","Greenville Reef PA 18 Cones",70048,A475,11,,,,,,,,F,F,F,0,,0,T,,,Flounder,Bothidae,Bothidae
T51,065,2007-12-11,32,56.800,78,54.600,26,,"Keith Parker",T,"Artificial Reef","Greenville Reef PA 18 Cones",70048,A475,7,,,,,,,,F,F,F,0,,0,T,,,Flounder,Bothidae,Bothidae
T51,065,2007-12-11,32,56.800,78,54.600,26,,"Keith Parker",T,"Artificial Reef","Greenville Reef PA 18 Cones",70048,A475,3,,,,,,,,F,F,F,0,,0,T,,,Flounder,Bothidae,Bothidae
T51,065,2007-12-11,32,56.800,78,54.600,26,,"Keith Parker",T,"Artificial Reef","Greenville Reef PA 18 Cones",70048,A412,3,396,,,,,M,12,T,T,T,3,,2005,T,,,"Gulf Flounder","Paralichthys albigutta",Paralichthyidae
T51,065,2007-12-11,32,56.800,78,54.600,26,,"Keith Parker",T,"Artificial Reef","Greenville Reef PA 18 Cones",70048,A475,10,,,,,,,,F,F,F,0,,0,T,,,Flounder,Bothidae,Bothidae
T51,065,2007-12-11,32,56.800,78,54.600,26,,"Keith Parker",T,"Artificial Reef","Greenville Reef PA 18 Cones",70048,A475,6,,,,,,,,F,F,F,0,,0,T,,,Flounder,Bothidae,Bothidae
T51,065,2007-12-11,32,56.800,78,54.600,26,,"Keith Parker",T,"Artificial Reef","Greenville Reef PA 18 Cones",70048,A475,2,,,,,,,,F,F,F,0,,0,T,,,Flounder,Bothidae,Bothidae
T51,065,2007-12-11,32,56.800,78,54.600,26,,"Keith Parker",T,"Artificial Reef","Greenville Reef PA 18 Cones",70048,A412,2,355,,,,,M,12,T,T,T,2,,2006,T,,,"Gulf Flounder","Paralichthys albigutta",Paralichthyidae
T51,065,2007-12-11,32,56.800,78,54.600,26,,"Keith Parker",T,"Artificial Reef","Greenville Reef PA 18 Cones",70048,A475,9,,,,,,,,F,F,F,0,,0,T,,,Flounder,Bothidae,Bothidae
T51,065,2007-12-11,32,56.800,78,54.600,26,,"Keith Parker",T,"Artificial Reef","Greenville Reef PA 18 Cones",70048,A475,5,,,,,,,,F,F,F,0,,0,T,,,Flounder,Bothidae,Bothidae
T51,065,2007-12-11,32,56.800,78,54.600,26,,"Keith Parker",T,"Artificial Reef","Greenville Reef PA 18 Cones",70048,A475,1,,,,,,,,F,F,F,0,,0,T,,,Flounder,Bothidae,Bothidae
T51,065,2008-01-08,32,33.354,79,40.299,20,13.8,SCDNR,T,"AR Metal Wreck","Charleston 60 240 Barge",80001,A412,1,465,,1520,,,F,3,F,T,T,6,,2002,F,,,"Gulf Flounder","Paralichthys albigutta",Paralichthyidae
T51,065,2008-01-08,32,33.354,79,40.299,20,13.8,SCDNR,T,"AR Metal Wreck","Charleston 60 240 Barge",80001,A412,4,459,,1320,,,F,3,T,T,T,5,,2003,F,,,"Gulf Flounder","Paralichthys albigutta",Paralichthyidae
T51,065,2008-01-08,32,33.354,79,40.299,20,13.8,SCDNR,T,"AR Metal Wreck","Charleston 60 240 Barge",80001,A412,3,300,,360,,,F,2,T,T,T,2,420,2006,F,,,"Gulf Flounder","Paralichthys albigutta",Paralichthyidae
T51,065,2008-01-08,32,33.354,79,40.299,20,13.8,SCDNR,T,"AR Metal Wreck","Charleston 60 240 Barge",80001,A412,2,514,,1990,,,F,3,T,T,T,6,1670,2002,F,,,"Gulf Flounder","Paralichthys albigutta",Paralichthyidae
T51,065,2008-01-08,32,33.138,79,40.095,20,13.8,SCDNR,T,"AR Metal","Charleston 60 APCs",80003,A412,1,553,,2420,,,F,10,T,T,T,8,1000,2000,F,3,,"Gulf Flounder","Paralichthys albigutta",Paralichthyidae
T51,065,2008-01-08,32,33.138,79,40.095,20,13.8,SCDNR,T,"AR Metal","Charleston 60 APCs",80003,A412,4,358,,560,,,M,12,T,T,T,4,,2004,F,,,"Gulf Flounder","Paralichthys albigutta",Paralichthyidae
T51,065,2008-01-08,32,33.138,79,40.095,20,13.8,SCDNR,T,"AR Metal","Charleston 60 APCs",80003,A412,3,421,,920,,,M,12,T,T,T,4,,2004,F,,,"Gulf Flounder","Paralichthys albigutta",Paralichthyidae
T51,065,2008-01-08,32,33.138,79,40.095,20,13.8,SCDNR,T,"AR Metal","Charleston 60 APCs",80003,A412,2,465,,1270,,,M,12,T,T,T,7,,2001,F,,,"Gulf Flounder","Paralichthys albigutta",Paralichthyidae
T51,065,2008-01-08,32,33.138,79,40.095,20,13.8,SCDNR,T,"AR Metal","Charleston 60 APCs",80004,A412,1,536,,2340,,,F,11,T,T,T,5,1100,2003,F,3,,"Gulf Flounder","Paralichthys albigutta",Paralichthyidae
T51,065,2008-01-08,32,33.138,79,40.095,20,13.8,SCDNR,T,"AR Metal","Charleston 60 APCs",80004,A412,3,377,,660,,,M,12,T,T,T,4,,2004,F,,,"Gulf Flounder","Paralichthys albigutta",Paralichthyidae
T51,065,2008-01-08,32,33.138,79,40.095,20,13.8,SCDNR,T,"AR Metal","Charleston 60 APCs",80004,A412,2,421,,980,,,F,2,T,T,T,4,880,2004,F,3,,"Gulf Flounder","Paralichthys albigutta",Paralichthyidae
T51,065,2008-01-06,32,21.500,79,41.000,21,,"Rob Harding",T,Unknown,Rob1,80005,A412,1,431,,,,,F,11,T,T,T,4,1118,2004,T,3,,"Gulf Flounder","Paralichthys albigutta",Paralichthyidae
T51,065,2008-01-06,32,33.354,79,40.299,20,,"Charles Wilson",T,"AR Metal Wreck","Charleston 60 240 Barge",80006,A412,1,391,,,,,M,12,T,T,T,3,,2005,T,,,"Gulf Flounder","Paralichthys albigutta",Paralichthyidae
T51,065,2008-01-06,32,33.354,79,40.299,20,,"Charles Wilson",T,"AR Metal Wreck","Charleston 60 240 Barge",80006,A412,4,429,,,,,F,11,T,T,T,3,1200,2005,T,3,,"Gulf Flounder","Paralichthys albigutta",Paralichthyidae
T51,065,2008-01-06,32,33.354,79,40.299,20,,"Charles Wilson",T,"AR Metal Wreck","Charleston 60 240 Barge",80006,A412,3,378,,,,,M,12,T,T,T,7,,2001,T,,,"Gulf Flounder","Paralichthys albigutta",Paralichthyidae
T51,065,2008-01-06,32,33.354,79,40.299,20,,"Charles Wilson",T,"AR Metal Wreck","Charleston 60 240 Barge",80006,A412,2,520,,,,,F,11,T,T,T,4,1106,2004,T,,,"Gulf Flounder","Paralichthys albigutta",Paralichthyidae
T51,065,2008-01-23,33,21.260,78,25.479,28,13.8,"Scott McClary",T,"Artificial Reef","BP 25 Reef PA 6",80007,A412,5,367,,,,,F,3,T,F,T,3,1395,2005,F,3,1,"Gulf Flounder","Paralichthys albigutta",Paralichthyidae
T51,065,2008-01-23,33,21.260,78,25.479,28,13.8,"Scott McClary",T,"Artificial Reef","BP 25 Reef PA 6",80007,A412,1,548,,,,,F,3,T,T,T,7,1500,2001,F,3,,"Gulf Flounder","Paralichthys albigutta",Paralichthyidae
T51,065,2008-01-23,33,21.260,78,25.479,28,13.8,"Scott McClary",T,"Artificial Reef","BP 25 Reef PA 6",80007,A412,4,332,,,,,M,12,T,T,T,7,,2001,F,,,"Gulf Flounder","Paralichthys albigutta",Paralichthyidae
T51,065,2008-01-23,33,21.260,78,25.479,28,13.8,"Scott McClary",T,"Artificial Reef","BP 25 Reef PA 6",80007,A414,1,406,,,,,M,12,T,T,T,,,,F,,,"Southern Flounder","Paralichthys lethostigma",Paralichthyidae
T51,065,2008-01-23,33,21.260,78,25.479,28,13.8,"Scott McClary",T,"Artificial Reef","BP 25 Reef PA 6",80007,A412,3,372,,,,,F,10,T,T,T,3,1000,2005,F,,1,"Gulf Flounder","Paralichthys albigutta",Paralichthyidae
T51,065,2008-01-23,33,21.260,78,25.479,28,13.8,"Scott McClary",T,"Artificial Reef","BP 25 Reef PA 6",80007,A413,1,508,,,,,F,11,T,T,T,6,1331,2002,F,3,,"Summer Flounder","Paralichthys dentatus",Paralichthyidae
T51,065,2008-01-23,33,21.260,78,25.479,28,13.8,"Scott McClary",T,"Artificial Reef","BP 25 Reef PA 6",80007,A412,6,314,,,,,M,12,T,F,T,2,,2006,F,,,"Gulf Flounder","Paralichthys albigutta",Paralichthyidae
T51,065,2008-01-23,33,21.260,78,25.479,28,13.8,"Scott McClary",T,"Artificial Reef","BP 25 Reef PA 6",80007,A412,2,397,,,,,F,11,T,T,T,3,1242,2005,F,1,,"Gulf Flounder","Paralichthys albigutta",Paralichthyidae
T51,014,2008-01-05,33,32.510,77,56.890,29,,"John Mclauren",T,"AR Metal Wreck","Raritan Wreck 251 freighter",80008,A412,2,448,,,,,F,3,T,T,T,5,1000,2003,T,,,"Gulf Flounder","Paralichthys albigutta",Paralichthyidae
T51,014,2008-01-05,33,32.510,77,56.890,29,,"John Mclauren",T,"AR Metal Wreck","Raritan Wreck 251 freighter",80008,A412,1,366,,,,,M,12,T,T,T,6,,2002,T,,,"Gulf Flounder","Paralichthys albigutta",Paralichthyidae
T51,065,2008-03-12,32,57.830,78,42.210,27,,"Rob Harding",F,"Live Bottom",Vermillion/Ledge,80027,A412,1,428,,,,,M,12,T,T,T,5,,2003,F,,,"Gulf Flounder","Paralichthys albigutta",Paralichthyidae
T51,065,2008-02-29,32,21.542,80,5.284,20,12.2,SCDNR,T,"AR Metal Wreck Mud and Shell","Edisto 60 330 Page",80029,A412,1,285,233,,,,F,5,T,T,T,1,165,2007,F,,,"Gulf Flounder","Paralichthys albigutta",Paralichthyidae
T51,065,2008-02-29,32,21.542,80,5.284,20,12.2,SCDNR,T,"AR Metal Wreck Mud and Shell","Edisto 60 330 Page",80029,A412,2,378,309,,,,M,12,T,T,T,4,,2004,F,,,"Gulf Flounder","Paralichthys albigutta",Paralichthyidae
T51,065,2008-02-29,32,21.421,80,5.308,20,12.2,SCDNR,T,"AR Metal Wreck Shell and Sand","Edisto 60 YDT 16",80030,A412,1,359,295,,,,M,12,T,T,T,6,,2002,F,,,"Gulf Flounder","Paralichthys albigutta",Paralichthyidae
T51,065,2008-02-29,32,21.421,80,5.308,20,12.2,SCDNR,T,"AR Metal Wreck Shell and Sand","Edisto 60 YDT 16",80031,A412,1,491,405,,,,F,3,T,T,T,,1723,,F,3,,"Gulf Flounder","Paralichthys albigutta",Paralichthyidae
T51,065,2008-03-12,32,33.354,79,40.299,18,12.2,SCDNR,T,"AR Metal Wreck","Charleston 60 240 Barge",80039,A412,1,530,444,,,,F,3,T,T,T,6,1935,2002,F,3,,"Gulf Flounder","Paralichthys albigutta",Paralichthyidae
T51,065,2008-06-01,33,31.071,78,58.140,11,,"Cabell Young",T,"Artificial Reef","Paradise Reef PA 9",80040,A412,2,444,,,,,F,5,T,T,T,3,180,2005,F,,,"Gulf Flounder","Paralichthys albigutta",Paralichthyidae
T51,065,2008-06-01,33,31.071,78,58.140,11,,"Cabell Young",T,"Artificial Reef","Paradise Reef PA 9",80040,A413,1,372,,,,,F,5,T,F,T,2,215,2006,F,,,"Summer Flounder","Paralichthys dentatus",Paralichthyidae
T51,065,2008-06-01,33,31.071,78,58.140,11,,"Cabell Young",T,"Artificial Reef","Paradise Reef PA 9",80040,A412,1,396,,,,,F,5,F,F,T,,183,,F,,,"Gulf Flounder","Paralichthys albigutta",Paralichthyidae
T51,065,2008-05-25,33,31.071,78,58.140,11,,"Cabell Young",T,"Artificial Reef","Paradise Reef PA 9",80041,A412,2,575,,,,,F,,F,F,F,,,,F,,,"Gulf Flounder","Paralichthys albigutta",Paralichthyidae
T51,065,2008-05-25,33,31.071,78,58.140,11,,"Cabell Young",T,"Artificial Reef","Paradise Reef PA 9",80041,A412,1,497,,,,,F,,T,F,F,6,,2002,F,,,"Gulf Flounder","Paralichthys albigutta",Paralichthyidae
T51,065,2008-06-12,33,31.071,78,58.140,11,,"Cabell Young",T,"Artificial Reef","Paradise Reef PA 9",80042,A412,2,472,,,,,F,5,T,T,T,5,211,2003,F,,,"Gulf Flounder","Paralichthys albigutta",Paralichthyidae
T51,065,2008-06-12,33,31.071,78,58.140,11,,"Cabell Young",T,"Artificial Reef","Paradise Reef PA 9",80042,A412,5,365,,,,,F,5,F,T,T,2,200,2006,F,,,"Gulf Flounder","Paralichthys albigutta",Paralichthyidae
T51,065,2008-06-12,33,31.071,78,58.140,11,,"Cabell Young",T,"Artificial Reef","Paradise Reef PA 9",80042,A412,1,494,,,,,F,5,T,T,T,4,175,2004,F,,,"Gulf Flounder","Paralichthys albigutta",Paralichthyidae
T51,065,2008-06-12,33,31.071,78,58.140,11,,"Cabell Young",T,"Artificial Reef","Paradise Reef PA 9",80042,A412,4,365,,,,,F,5,T,T,T,2,190,2006,F,,,"Gulf Flounder","Paralichthys albigutta",Paralichthyidae
T51,065,2008-06-12,33,31.071,78,58.140,11,,"Cabell Young",T,"Artificial Reef","Paradise Reef PA 9",80042,A412,3,490,,,,,F,5,T,T,T,7,230,2001,F,,,"Gulf Flounder","Paralichthys albigutta",Paralichthyidae
T51,065,2008-06-03,32,33.147,79,40.249,20,,SCDNR,T,"Artificial Reef","Charleston 60",80043,A412,1,417,,,,,M,12,T,T,T,3,,2005,F,,,"Gulf Flounder","Paralichthys albigutta",Paralichthyidae
T51,065,2008-06-03,32,33.147,79,40.249,20,,SCDNR,T,"Artificial Reef","Charleston 60",80043,A412,4,482,,,,,F,5,T,T,T,4,220,2004,F,,,"Gulf Flounder","Paralichthys albigutta",Paralichthyidae
T51,065,2008-06-03,32,33.147,79,40.249,20,,SCDNR,T,"Artificial Reef","Charleston 60",80043,A412,3,464,,,,,F,5,T,F,T,3,,2005,F,,,"Gulf Flounder","Paralichthys albigutta",Paralichthyidae
T51,065,2008-06-03,32,33.147,79,40.249,20,,SCDNR,T,"Artificial Reef","Charleston 60",80043,A412,2,470,,,,,M,12,T,T,T,4,,2004,F,,,"Gulf Flounder","Paralichthys albigutta",Paralichthyidae
T51,065,2008-05-26,33,19.641,78,21.727,27,,"John Mclauren",T,"Live Bottom","Atlantic Ledge",80044,A414,1,534,,,,,F,5,T,T,T,11,196,1997,F,,,"Southern Flounder","Paralichthys lethostigma",Paralichthyidae
T51,065,2008-05-26,33,19.641,78,21.727,27,,"John Mclauren",T,"Live Bottom","Atlantic Ledge",80044,A412,1,445,,,,,M,12,T,T,T,4,,2004,F,,,"Gulf Flounder","Paralichthys albigutta",Paralichthyidae
T51,065,2008-05-25,33,48.812,78,30.514,9,,"John Mclauren",T,"Artificial Reef","Little River Reef PA 1",80045,A414,4,494,,,,,F,5,T,T,T,5,202,2003,F,,,"Southern Flounder","Paralichthys lethostigma",Paralichthyidae
T51,065,2008-05-25,33,48.812,78,30.514,9,,"John Mclauren",T,"Artificial Reef","Little River Reef PA 1",80045,A414,3,462,,,,,F,5,T,T,T,5,202,2003,F,,,"Southern Flounder","Paralichthys lethostigma",Paralichthyidae
T51,065,2008-05-25,33,48.812,78,30.514,9,,"John Mclauren",T,"Artificial Reef","Little River Reef PA 1",80045,A412,2,406,,,,,F,5,T,F,T,5,197,2003,F,,,"Gulf Flounder","Paralichthys albigutta",Paralichthyidae
T51,065,2008-05-25,33,48.812,78,30.514,9,,"John Mclauren",T,"Artificial Reef","Little River Reef PA 1",80045,A414,2,509,,,,,F,5,T,T,T,2,204,2006,F,,,"Southern Flounder","Paralichthys lethostigma",Paralichthyidae
T51,065,2008-05-25,33,48.812,78,30.514,9,,"John Mclauren",T,"Artificial Reef","Little River Reef PA 1",80045,A412,1,456,,,,,F,5,T,T,T,3,185,2005,F,,,"Gulf Flounder","Paralichthys albigutta",Paralichthyidae
T51,065,2008-05-25,33,48.812,78,30.514,9,,"John Mclauren",T,"Artificial Reef","Little River Reef PA 1",80045,A414,5,450,,,,,F,5,T,T,T,5,205,2003,F,,,"Southern Flounder","Paralichthys lethostigma",Paralichthyidae
T51,065,2008-05-25,33,48.812,78,30.514,9,,"John Mclauren",T,"Artificial Reef","Little River Reef PA 1",80045,A414,1,491,,,,,F,5,T,T,T,5,185,2003,F,,,"Southern Flounder","Paralichthys lethostigma",Paralichthyidae
T51,065,2008-05-23,33,48.812,78,30.514,9,,"John Mclauren",T,"Artificial Reef","Little River Reef PA 1",80046,A414,3,490,,,,,F,5,T,T,T,4,190,2004,F,,,"Southern Flounder","Paralichthys lethostigma",Paralichthyidae
T51,065,2008-05-23,33,48.812,78,30.514,9,,"John Mclauren",T,"Artificial Reef","Little River Reef PA 1",80046,A414,2,395,,,,,F,5,T,T,T,2,187,2006,F,,,"Southern Flounder","Paralichthys lethostigma",Paralichthyidae
T51,065,2008-05-23,33,48.812,78,30.514,9,,"John Mclauren",T,"Artificial Reef","Little River Reef PA 1",80046,A414,5,454,,,,,F,5,T,T,T,3,197,2005,F,,,"Southern Flounder","Paralichthys lethostigma",Paralichthyidae
T51,065,2008-05-23,33,48.812,78,30.514,9,,"John Mclauren",T,"Artificial Reef","Little River Reef PA 1",80046,A414,1,444,,,,,F,5,T,T,T,3,180,2005,F,,,"Southern Flounder","Paralichthys lethostigma",Paralichthyidae
T51,065,2008-05-23,33,48.812,78,30.514,9,,"John Mclauren",T,"Artificial Reef","Little River Reef PA 1",80046,A414,4,436,,,,,F,5,T,F,T,5,220,2003,F,,,"Southern Flounder","Paralichthys lethostigma",Paralichthyidae
T51,065,2008-05-30,33,48.812,78,30.514,9,,"John Mclauren",T,"Artificial Reef","Little River Reef PA 1",80047,A414,5,452,,,,,F,5,T,T,T,5,188,2003,F,,,"Southern Flounder","Paralichthys lethostigma",Paralichthyidae
T51,065,2008-05-30,33,48.812,78,30.514,9,,"John Mclauren",T,"Artificial Reef","Little River Reef PA 1",80047,A412,1,419,,,,,F,5,T,F,T,3,192,2005,F,,,"Gulf Flounder","Paralichthys albigutta",Paralichthyidae
T51,065,2008-05-30,33,48.812,78,30.514,9,,"John Mclauren",T,"Artificial Reef","Little River Reef PA 1",80047,A414,1,482,,,,,F,5,T,T,T,3,187,2005,F,,,"Southern Flounder","Paralichthys lethostigma",Paralichthyidae
T51,065,2008-05-30,33,48.812,78,30.514,9,,"John Mclauren",T,"Artificial Reef","Little River Reef PA 1",80047,A414,4,484,,,,,F,5,T,T,T,4,197,2004,F,,,"Southern Flounder","Paralichthys lethostigma",Paralichthyidae
T51,065,2008-05-30,33,48.812,78,30.514,9,,"John Mclauren",T,"Artificial Reef","Little River Reef PA 1",80047,A414,3,420,,,,,F,5,T,T,T,3,243,2005,F,,,"Southern Flounder","Paralichthys lethostigma",Paralichthyidae
T51,065,2008-05-30,33,48.812,78,30.514,9,,"John Mclauren",T,"Artificial Reef","Little River Reef PA 1",80047,A414,2,381,,,,,F,5,T,T,T,2,182,2006,F,,,"Southern Flounder","Paralichthys lethostigma",Paralichthyidae
T51,065,2008-06-20,32,32.985,79,40.385,18,,"Charles Wilson",T,"AR Metal Concrete","Charleston 60 Bridge Rubble",80056,A412,3,440,,,,,F,5,T,T,T,4,181,2004,F,,,"Gulf Flounder","Paralichthys albigutta",Paralichthyidae
T51,065,2008-06-20,32,32.985,79,40.385,18,,"Charles Wilson",T,"AR Metal Concrete","Charleston 60 Bridge Rubble",80056,A412,2,436,,,,,F,5,T,T,T,3,195,2005,F,,,"Gulf Flounder","Paralichthys albigutta",Paralichthyidae
T51,065,2008-06-20,32,32.985,79,40.385,18,,"Charles Wilson",T,"AR Metal Concrete","Charleston 60 Bridge Rubble",80056,A412,1,415,,,,,M,12,T,T,T,4,,2004,F,,,"Gulf Flounder","Paralichthys albigutta",Paralichthyidae
T51,065,2008-06-14,32,45.000,79,45.000,5,,"Rob Harding",T,"AR Metal Wreck","1.5 miles off beach wreck",80057,A413,1,331,,,,,F,,T,T,T,2,,2006,F,,,"Summer Flounder","Paralichthys dentatus",Paralichthyidae
T51,065,2008-06-14,32,45.000,79,45.000,5,,"Rob Harding",T,"AR Metal Wreck","1.5 miles off beach wreck",80057,A414,3,464,,,,,F,5,T,T,T,3,192,2005,F,,,"Southern Flounder","Paralichthys lethostigma",Paralichthyidae
T51,065,2008-06-14,32,45.000,79,45.000,5,,"Rob Harding",T,"AR Metal Wreck","1.5 miles off beach wreck",80057,A414,2,466,,,,,F,5,T,T,T,3,211,2005,F,,,"Southern Flounder","Paralichthys lethostigma",Paralichthyidae
T51,065,2008-06-14,32,45.000,79,45.000,5,,"Rob Harding",T,"AR Metal Wreck","1.5 miles off beach wreck",80057,A413,2,335,,,,,F,5,T,T,T,2,230,2006,F,,,"Summer Flounder","Paralichthys dentatus",Paralichthyidae
T51,065,2008-06-14,32,45.000,79,45.000,5,,"Rob Harding",T,"AR Metal Wreck","1.5 miles off beach wreck",80057,A414,1,539,,,,,F,5,T,T,T,5,234,2003,F,,,"Southern Flounder","Paralichthys lethostigma",Paralichthyidae
T51,065,2008-06-12,32,21.411,80,5.155,18,,SCDNR,T,"Artificial Reef","Edisto 60 PA 30",80058,A412,9,469,,,10.5,,F,5,T,T,T,6,190,2002,F,,,"Gulf Flounder","Paralichthys albigutta",Paralichthyidae
T51,065,2008-06-12,32,21.411,80,5.155,18,,SCDNR,T,"Artificial Reef","Edisto 60 PA 30",80058,A412,5,558,,,17.4,,F,,T,T,T,6,,2002,F,,,"Gulf Flounder","Paralichthys albigutta",Paralichthyidae
T51,065,2008-06-12,32,21.411,80,5.155,18,,SCDNR,T,"Artificial Reef","Edisto 60 PA 30",80058,A412,1,498,,,14.5,,F,5,T,T,T,6,,2002,F,,,"Gulf Flounder","Paralichthys albigutta",Paralichthyidae
T51,065,2008-06-12,32,21.411,80,5.155,18,,SCDNR,T,"Artificial Reef","Edisto 60 PA 30",80058,A412,8,501,,,11.5,,F,5,T,F,T,4,220,2004,F,,,"Gulf Flounder","Paralichthys albigutta",Paralichthyidae
T51,065,2008-06-12,32,21.411,80,5.155,18,,SCDNR,T,"Artificial Reef","Edisto 60 PA 30",80058,A412,4,400,,,4.2,,M,,T,F,T,4,,2004,F,,,"Gulf Flounder","Paralichthys albigutta",Paralichthyidae
T51,065,2008-06-12,32,21.411,80,5.155,18,,SCDNR,T,"Artificial Reef","Edisto 60 PA 30",80058,A412,7,314,,,,,F,1,T,T,T,1,190,2007,F,,,"Gulf Flounder","Paralichthys albigutta",Paralichthyidae
T51,065,2008-06-12,32,21.411,80,5.155,18,,SCDNR,T,"Artificial Reef","Edisto 60 PA 30",80058,A412,3,515,,,,,F,5,T,T,T,5,170,2003,F,,,"Gulf Flounder","Paralichthys albigutta",Paralichthyidae
T51,065,2008-06-12,32,21.411,80,5.155,18,,SCDNR,T,"Artificial Reef","Edisto 60 PA 30",80058,A412,10,468,,,,,F,5,T,T,T,6,188,2002,F,,,"Gulf Flounder","Paralichthys albigutta",Paralichthyidae
T51,065,2008-06-12,32,21.411,80,5.155,18,,SCDNR,T,"Artificial Reef","Edisto 60 PA 30",80058,A412,6,553,,,19.7,,F,5,T,T,T,8,178,2000,F,,,"Gulf Flounder","Paralichthys albigutta",Paralichthyidae
T51,065,2008-06-12,32,21.411,80,5.155,18,,SCDNR,T,"Artificial Reef","Edisto 60 PA 30",80058,A412,2,457,,,22.1,,F,5,T,T,T,6,190,2002,F,,,"Gulf Flounder","Paralichthys albigutta",Paralichthyidae
T51,065,2008-07-29,32,32.985,79,40.385,18,,SCDNR,T,"AR Metal Concrete","Charleston 60 Bridge Rubble",80059,A412,6,388,,755,6.0,747.0,F,5,T,T,T,4,,2004,F,,,"Gulf Flounder","Paralichthys albigutta",Paralichthyidae
T51,065,2008-07-29,32,32.985,79,40.385,18,,SCDNR,T,"AR Metal Concrete","Charleston 60 Bridge Rubble",80059,A412,2,563,,2279,23.0,2241.0,F,5,T,T,T,9,148,1999,F,,,"Gulf Flounder","Paralichthys albigutta",Paralichthyidae
T51,065,2008-07-29,32,32.985,79,40.385,18,,SCDNR,T,"AR Metal Concrete","Charleston 60 Bridge Rubble",80059,A412,5,560,,2051,16.0,2026.0,F,5,T,T,T,4,176,2004,F,,,"Gulf Flounder","Paralichthys albigutta",Paralichthyidae
T51,065,2008-07-29,32,32.985,79,40.385,18,,SCDNR,T,"AR Metal Concrete","Charleston 60 Bridge Rubble",80059,A412,1,487,,1304,7.0,1283.0,F,5,T,T,T,4,,2004,F,,,"Gulf Flounder","Paralichthys albigutta",Paralichthyidae
T51,065,2008-07-29,32,32.985,79,40.385,18,,SCDNR,T,"AR Metal Concrete","Charleston 60 Bridge Rubble",80059,A412,4,467,,1280,10.0,1268.0,F,5,F,T,T,4,153,2004,F,,,"Gulf Flounder","Paralichthys albigutta",Paralichthyidae
T51,065,2008-07-29,32,32.985,79,40.385,18,,SCDNR,T,"AR Metal Concrete","Charleston 60 Bridge Rubble",80059,A412,3,560,,2057,17.0,2033.0,F,5,T,F,T,6,172,2002,F,,,"Gulf Flounder","Paralichthys albigutta",Paralichthyidae
T51,065,2008-06-14,33,48.812,78,30.514,10,,"John Mclauren",T,"Artificial Reef","Little River Reef PA 1",80060,A414,1,414,,,,,F,5,T,T,T,3,176,2005,F,,,"Southern Flounder","Paralichthys lethostigma",Paralichthyidae
T51,065,2008-06-14,33,48.812,78,30.514,10,,"John Mclauren",T,"Artificial Reef","Little River Reef PA 1",80060,A412,3,436,,,7.0,,F,5,T,T,T,3,202,2005,F,,,"Gulf Flounder","Paralichthys albigutta",Paralichthyidae
T51,065,2008-06-14,33,48.812,78,30.514,10,,"John Mclauren",T,"Artificial Reef","Little River Reef PA 1",80060,A414,3,467,,,9.0,,F,5,T,T,T,4,196,2004,F,,,"Southern Flounder","Paralichthys lethostigma",Paralichthyidae
T51,065,2008-06-14,33,48.812,78,30.514,10,,"John Mclauren",T,"Artificial Reef","Little River Reef PA 1",80060,A412,2,498,,,10.0,,F,5,T,T,T,4,228,2004,F,,,"Gulf Flounder","Paralichthys albigutta",Paralichthyidae
T51,065,2008-06-14,33,48.812,78,30.514,10,,"John Mclauren",T,"Artificial Reef","Little River Reef PA 1",80060,A414,2,496,,,10.0,,F,5,T,T,T,5,204,2003,F,,,"Southern Flounder","Paralichthys lethostigma",Paralichthyidae
T51,065,2008-06-14,33,48.812,78,30.514,10,,"John Mclauren",T,"Artificial Reef","Little River Reef PA 1",80060,A412,1,497,,,11.0,,F,5,T,T,T,5,211,2003,F,,,"Gulf Flounder","Paralichthys albigutta",Paralichthyidae
T51,065,2008-07-06,33,31.071,78,58.140,10,,"Cabell Young",T,"Artificial Reef","Paradise Reef PA 9",80061,A414,2,498,,,11.0,,F,5,T,T,T,5,193,2003,F,,,"Southern Flounder","Paralichthys lethostigma",Paralichthyidae
T51,065,2008-07-06,33,31.071,78,58.140,10,,"Cabell Young",T,"Artificial Reef","Paradise Reef PA 9",80061,A414,1,489,,,8.0,,F,5,T,T,T,3,176,2005,F,,,"Southern Flounder","Paralichthys lethostigma",Paralichthyidae
T51,065,2008-07-13,33,31.071,78,58.140,10,,"Cabell Young",T,"Artificial Reef","Paradise Reef PA 9",80062,A412,1,471,,,9.0,,F,5,T,T,T,5,176,2003,F,,,"Gulf Flounder","Paralichthys albigutta",Paralichthyidae
T51,065,2008-07-13,33,31.071,78,58.140,10,,"Cabell Young",T,"Artificial Reef","Paradise Reef PA 9",80062,A413,1,345,,,3.0,,F,5,T,T,T,2,200,2006,F,,,"Summer Flounder","Paralichthys dentatus",Paralichthyidae
T51,065,2008-12-18,32,33.152,79,40.095,18,17.0,"Chuck Tucker",T,"AR Metal","Charleston 60 APCs",80077,A412,2,324,,422,7.4,411.1,M,12,T,T,T,2,,2006,F,,,"Gulf Flounder","Paralichthys albigutta",Paralichthyidae
T51,065,2008-12-18,32,33.152,79,40.095,18,17.0,"Chuck Tucker",T,"AR Metal","Charleston 60 APCs",80077,A412,1,537,,2387,83.8,2170.2,F,10,T,T,T,8,960,2000,F,1,,"Gulf Flounder","Paralichthys albigutta",Paralichthyidae
T51,065,2008-09-29,32,20.380,79,38.390,29,,"Charles Wilson",F,Unknown,"Loran Number 60551.7 45351.4",80080,A412,1,343,,,2.5,,F,2,T,T,T,1,230,2007,T,,,"Gulf Flounder","Paralichthys albigutta",Paralichthyidae
T51,065,2008-11-21,33,21.260,78,25.479,29,,"Scott McClary",T,"Artificial Reef","BP 25 Reef PA 6",80081,A412,1,396,,,,,M,12,T,T,T,3,,2005,T,,,"Gulf Flounder","Paralichthys albigutta",Paralichthyidae
T51,065,2008-11-21,33,21.260,78,25.479,29,,"Scott McClary",T,"Artificial Reef","BP 25 Reef PA 6",80081,A412,4,526,,,,82.7,F,11,T,T,T,5,1060,2003,T,,,"Gulf Flounder","Paralichthys albigutta",Paralichthyidae
T51,065,2008-11-21,33,21.260,78,25.479,29,,"Scott McClary",T,"Artificial Reef","BP 25 Reef PA 6",80081,A412,3,412,,,,,F,10,T,T,T,2,943,2006,T,,,"Gulf Flounder","Paralichthys albigutta",Paralichthyidae
T51,065,2008-11-21,33,21.260,78,25.479,29,,"Scott McClary",T,"Artificial Reef","BP 25 Reef PA 6",80081,A412,2,367,,,,,M,12,T,T,T,2,,2006,T,,,"Gulf Flounder","Paralichthys albigutta",Paralichthyidae
T51,065,2008-08-01,33,48.812,78,30.514,9,,"John Mclauren",T,"Artificial Reef","Little River Reef PA 1",80082,A414,2,434,,,5.4,,F,5,F,T,T,5,183,2003,F,,,"Southern Flounder","Paralichthys lethostigma",Paralichthyidae
T51,065,2008-08-01,33,48.812,78,30.514,9,,"John Mclauren",T,"Artificial Reef","Little River Reef PA 1",80082,A414,1,475,,,7.8,,F,5,T,T,T,3,197,2005,F,,,"Southern Flounder","Paralichthys lethostigma",Paralichthyidae
T51,065,2008-10-06,33,48.812,78,30.514,9,,"John Mclauren",T,"Artificial Reef","Little River Reef PA 1",80083,A414,1,492,,,14.1,,F,2,T,T,T,4,283,2004,F,,,"Southern Flounder","Paralichthys lethostigma",Paralichthyidae
T51,065,2008-09-13,32,16.618,79,44.307,30,26.0,SCDNR,T,"Live Bottom","SCDNR LB1",80084,A412,1,394,,,5.4,,F,1,T,T,T,2,173,2006,F,,,"Gulf Flounder","Paralichthys albigutta",Paralichthyidae
T51,065,2008-10-04,33,48.812,78,30.514,9,,"Scott McClary",T,"Artificial Reef","Little River Reef PA 1",80085,A414,1,566,,,26.1,,F,2,T,T,T,3,493,2005,F,,,"Southern Flounder","Paralichthys lethostigma",Paralichthyidae
T51,065,2008-10-05,33,48.812,78,30.514,9,,"Scott McClary",T,"Artificial Reef","Little River Reef PA 1",80086,A414,1,579,,,17.9,,F,2,F,F,T,,288,,F,,,"Southern Flounder","Paralichthys lethostigma",Paralichthyidae
T51,065,2008-10-23,33,41.957,78,26.639,18,20.0,"Scott McClary",T,"Artificial Reef","Little River Offshore Reef PA 2",80087,A414,1,367,,,3.0,,F,5,T,T,T,1,230,2007,T,,,"Southern Flounder","Paralichthys lethostigma",Paralichthyidae
T51,065,2008-10-16,33,20.000,78,10.000,30,,"John Mclauren",T,Reef,"32 Mile",80088,A412,3,438,,,,,M,12,T,T,T,8,,2000,F,,,"Gulf Flounder","Paralichthys albigutta",Paralichthyidae
T51,065,2008-10-16,33,20.000,78,10.000,30,,"John Mclauren",T,Reef,"32 Mile",80088,A412,2,465,,,12.3,,F,2,T,T,T,5,586,2003,F,,,"Gulf Flounder","Paralichthys albigutta",Paralichthyidae
T51,065,2008-10-16,33,20.000,78,10.000,30,,"John Mclauren",T,Reef,"32 Mile",80088,A412,1,390,,,6.2,,F,5,T,T,T,3,230,2005,F,,,"Gulf Flounder","Paralichthys albigutta",Paralichthyidae
T51,065,2008-11-02,33,41.957,78,26.639,18,20.0,"Scott McClary",T,"Artificial Reef","Little River Offshore Reef PA 2",80089,A412,2,390,,,18.2,,F,2,T,T,T,1,780,2007,T,,,"Gulf Flounder","Paralichthys albigutta",Paralichthyidae
T51,065,2008-11-02,33,41.957,78,26.639,18,20.0,"Scott McClary",T,"Artificial Reef","Little River Offshore Reef PA 2",80089,A412,1,385,,,3.2,,F,2,F,T,T,1,385,2007,T,,,"Gulf Flounder","Paralichthys albigutta",Paralichthyidae
T51,065,2008-11-25,33,41.957,78,26.639,18,,"Scott McClary",T,"Artificial Reef","Little River Offshore Reef PA 2",80090,A414,1,496,,,76.5,,F,10,T,T,T,1,986,2007,T,,,"Southern Flounder","Paralichthys lethostigma",Paralichthyidae
T51,065,2008-11-25,33,41.957,78,26.639,18,,"Scott McClary",T,"Artificial Reef","Little River Offshore Reef PA 2",80090,A412,1,420,,,19.4,,F,2,T,T,T,2,872,2006,T,,,"Gulf Flounder","Paralichthys albigutta",Paralichthyidae
T51,065,2008-11-25,33,41.957,78,26.639,18,,"Scott McClary",T,"Artificial Reef","Little River Offshore Reef PA 2",80090,A414,2,431,,,,,M,,T,F,T,8,,2000,T,,,"Southern Flounder","Paralichthys lethostigma",Paralichthyidae
T51,065,2008-10-25,33,41.957,78,26.639,18,20.0,"Scott McClary",T,"Artificial Reef","Little River Offshore Reef PA 2",80091,A412,1,394,,,3.0,,F,1,T,T,T,2,156,2006,T,,,"Gulf Flounder","Paralichthys albigutta",Paralichthyidae
T51,065,2008-10-25,33,41.957,78,26.639,18,20.0,"Scott McClary",T,"Artificial Reef","Little River Offshore Reef PA 2",80091,A414,2,446,,,5.1,,F,2,T,T,T,2,476,2006,T,,,"Southern Flounder","Paralichthys lethostigma",Paralichthyidae
T51,065,2008-10-25,33,41.957,78,26.639,18,20.0,"Scott McClary",T,"Artificial Reef","Little River Offshore Reef PA 2",80091,A414,1,356,,,1.6,,F,5,T,T,T,2,183,2006,T,,,"Southern Flounder","Paralichthys lethostigma",Paralichthyidae
T51,065,2008-11-22,33,41.957,78,26.639,18,,"Scott McClary",T,"Artificial Reef","Little River Offshore Reef PA 2",80092,A412,2,522,,,74.2,,F,10,F,F,T,4,1081,2004,T,,,"Gulf Flounder","Paralichthys albigutta",Paralichthyidae
T51,065,2008-11-22,33,41.957,78,26.639,18,,"Scott McClary",T,"Artificial Reef","Little River Offshore Reef PA 2",80092,A412,1,346,,,,,F,2,T,T,T,2,330,2006,T,,,"Gulf Flounder","Paralichthys albigutta",Paralichthyidae
T51,014,2008-12-29,33,19.641,78,21.727,27,,"Wayne Hill",T,"Live Bottom","Atlantic Ledge",80093,A412,1,550,,,98.1,,F,10,T,T,T,6,991,2002,T,,,"Gulf Flounder","Paralichthys albigutta",Paralichthyidae
T51,065,2009-02-01,32,57.548,78,40.051,30,,"Rob Harding",T,"Live Bottom","Ledges near Vermillion Reef",90001,A412,1,532,,,,,F,10,T,T,T,6,975,2003,T,,,"Gulf Flounder","Paralichthys albigutta",Paralichthyidae
T51,065,2009-01-27,33,21.260,78,25.479,28,,"Scott McClary",T,"Artificial Reef","BP 25 Reef PA 6",90002,A412,1,460,,,,,F,10,T,T,T,4,1034,2005,T,,,"Gulf Flounder","Paralichthys albigutta",Paralichthyidae
T51,065,2009-03-19,32,33.193,79,40.125,20,15.0,SCDNR,T,"AR Concrete Sand","Charleston 60 Concrete Cones",90003,A412,2,391,,626,6.9,618.0,M,12,T,T,T,5,,2004,F,,,"Gulf Flounder","Paralichthys albigutta",Paralichthyidae
T51,065,2009-03-19,32,33.193,79,40.125,20,15.0,SCDNR,T,"AR Concrete Sand","Charleston 60 Concrete Cones",90003,A412,1,435,,919,15.3,899.0,M,12,T,T,T,3,,2006,F,,,"Gulf Flounder","Paralichthys albigutta",Paralichthyidae
T51,065,2009-03-31,32,21.423,80,5.256,21,16.0,SCDNR,T,"AR Metal Wreck","Edisto 60 YDT 16",90005,A412,8,359,,544,3.5,537.2,M,12,T,T,T,5,,2004,F,,,"Gulf Flounder","Paralichthys albigutta",Paralichthyidae
T51,065,2009-03-31,32,21.423,80,5.256,21,16.0,SCDNR,T,"AR Metal Wreck","Edisto 60 YDT 16",90005,A412,4,407,,656,5.9,647.0,M,12,T,T,T,5,,2004,F,,,"Gulf Flounder","Paralichthys albigutta",Paralichthyidae
T51,065,2009-03-31,32,21.423,80,5.256,21,16.0,SCDNR,T,"AR Metal Wreck","Edisto 60 YDT 16",90005,A412,7,251,,171,,171.8,M,12,T,T,T,1,,2008,F,,,"Gulf Flounder","Paralichthys albigutta",Paralichthyidae
T51,065,2009-03-31,32,21.423,80,5.256,21,16.0,SCDNR,T,"AR Metal Wreck","Edisto 60 YDT 16",90005,A412,3,342,,467,3.3,464.9,M,12,T,T,T,5,,2004,F,,,"Gulf Flounder","Paralichthys albigutta",Paralichthyidae
T51,065,2009-03-31,32,21.423,80,5.256,21,16.0,SCDNR,T,"AR Metal Wreck","Edisto 60 YDT 16",90005,A412,10,360,,534,4.8,523.7,M,12,T,T,T,1,,2008,F,,,"Gulf Flounder","Paralichthys albigutta",Paralichthyidae
T51,065,2009-03-31,32,21.423,80,5.256,21,16.0,SCDNR,T,"AR Metal Wreck","Edisto 60 YDT 16",90005,A412,6,350,,523,6.3,512.1,M,12,T,T,T,5,,2004,F,,,"Gulf Flounder","Paralichthys albigutta",Paralichthyidae
T51,065,2009-03-31,32,21.423,80,5.256,21,16.0,SCDNR,T,"AR Metal Wreck","Edisto 60 YDT 16",90005,A412,2,512,,1571,72.5,1465.6,F,10,T,T,T,4,1078,2005,F,1,1,"Gulf Flounder","Paralichthys albigutta",Paralichthyidae
T51,065,2009-03-31,32,21.423,80,5.256,21,16.0,SCDNR,T,"AR Metal Wreck","Edisto 60 YDT 16",90005,A412,9,336,,377,3.0,374.2,M,12,T,T,T,4,,2005,F,,,"Gulf Flounder","Paralichthys albigutta",Paralichthyidae
T51,065,2009-03-31,32,21.423,80,5.256,21,16.0,SCDNR,T,"AR Metal Wreck","Edisto 60 YDT 16",90005,A412,5,546,,2133,117.0,1924.5,F,10,T,T,T,7,1050,2002,F,1,,"Gulf Flounder","Paralichthys albigutta",Paralichthyidae
T51,065,2009-03-31,32,21.423,80,5.256,21,16.0,SCDNR,T,"AR Metal Wreck","Edisto 60 YDT 16",90005,A412,1,347,,439,3.6,431.3,M,12,T,T,T,5,,2004,F,,,"Gulf Flounder","Paralichthys albigutta",Paralichthyidae
T51,065,2009-03-31,32,21.423,80,5.256,20,16.0,SCDNR,T,"AR Metal Wreck","Edisto 60 YDT 16",90006,A412,2,544,,1982,92.5,1805.4,F,10,T,T,T,6,943,2003,F,1,,"Gulf Flounder","Paralichthys albigutta",Paralichthyidae
T51,065,2009-03-31,32,21.423,80,5.256,20,16.0,SCDNR,T,"AR Metal Wreck","Edisto 60 YDT 16",90006,A412,1,342,,392,13.4,358.2,F,10,T,T,T,2,987,2007,F,1,,"Gulf Flounder","Paralichthys albigutta",Paralichthyidae
T51,065,2009-04-05,32,36.981,79,11.993,33,19.0,"Chuck Tucker",T,"Live Bottom","Zach's Anchor",90008,A414,1,533,,1980,21.2,1953.2,F,4,T,T,T,6,378,2003,F,,2,"Southern Flounder","Paralichthys lethostigma",Paralichthyidae
T51,,2009-04-17,33,4.960,79,15.050,6,,SEAMAP,T,Unknown,"Station 49M4",90029,A414,1,271,,226,,,,,T,T,F,2,,2007,F,,,"Southern Flounder","Paralichthys lethostigma",Paralichthyidae
T51,,2009-04-27,34,2.220,77,52.680,8,,SEAMAP,T,Unknown,"Station 59M1",90115,A412,1,285,,233,,,,,T,T,F,2,,2007,F,,,"Gulf Flounder","Paralichthys albigutta",Paralichthyidae
T51,,2009-04-27,34,11.400,77,47.780,8,,SEAMAP,T,Unknown,"Station 59M4",90119,A412,1,297,,284,,,,,T,T,F,1,,2008,F,,,"Gulf Flounder","Paralichthys albigutta",Paralichthyidae
T51,,2009-04-28,34,29.800,77,23.740,8,,SEAMAP,T,Unknown,"Station 61M5",90127,A414,1,450,,860,3.2,855.0,F,5,T,T,T,3,170,2006,T,,,"Southern Flounder","Paralichthys lethostigma",Paralichthyidae
T51,,2009-04-28,34,39.120,77,3.020,6,,SEAMAP,T,Unknown,"Station 63M3",90131,A412,1,261,,210,,,,,T,T,F,1,,2008,F,,,"Gulf Flounder","Paralichthys albigutta",Paralichthyidae
T51,,2009-04-28,34,41.270,76,48.540,8,,SEAMAP,T,Unknown,"Station 63M5",90135,A412,2,368,,603,8.7,594.0,F,4,T,T,T,2,811,2007,T,,1,"Gulf Flounder","Paralichthys albigutta",Paralichthyidae
T51,,2009-04-28,34,41.270,76,48.540,8,,SEAMAP,T,Unknown,"Station 63M5",90135,A412,1,322,,381,4.4,374.0,F,4,T,T,T,2,708,2007,T,,3,"Gulf Flounder","Paralichthys albigutta",Paralichthyidae
T51,065,2009-07-17,32,32.990,79,40.390,,,"Charles Wilson",T,"AR Metal Concrete","Charleston 60 Bridge Rubble",90171,A412,4,413,,,4.3,,F,5,F,T,F,2,193,2007,F,,,"Gulf Flounder","Paralichthys albigutta",Paralichthyidae
T51,065,2009-07-17,32,32.990,79,40.390,,,"Charles Wilson",T,"AR Metal Concrete","Charleston 60 Bridge Rubble",90171,A412,3,432,,,,,,,T,T,F,3,,2006,F,,,"Gulf Flounder","Paralichthys albigutta",Paralichthyidae
T51,065,2009-07-17,32,32.990,79,40.390,,,"Charles Wilson",T,"AR Metal Concrete","Charleston 60 Bridge Rubble",90171,A412,2,591,,,,,F,5,T,T,T,8,193,2001,F,,,"Gulf Flounder","Paralichthys albigutta",Paralichthyidae
T51,065,2009-07-17,32,32.990,79,40.390,,,"Charles Wilson",T,"AR Metal Concrete","Charleston 60 Bridge Rubble",90171,A412,1,556,,,22.5,,F,5,T,T,T,7,230,2002,F,,,"Gulf Flounder","Paralichthys albigutta",Paralichthyidae
T51,065,2009-05-31,33,31.070,78,58.140,,,"Cabell Young",T,"Artificial Reef","Paradise Reef PA 9",90172,A412,2,519,,,21.6,,F,5,F,T,T,4,201,2005,F,,,"Gulf Flounder","Paralichthys albigutta",Paralichthyidae
T51,065,2009-05-31,33,31.070,78,58.140,,,"Cabell Young",T,"Artificial Reef","Paradise Reef PA 9",90172,A412,1,522,,,,,F,5,T,T,T,6,190,2003,F,,,"Gulf Flounder","Paralichthys albigutta",Paralichthyidae
T51,065,2009-06-24,32,3.427,80,24.851,,,SCDNR,T,"AR Metal Wreck","Betsy Ross",90173,A412,2,310,,,,,F,5,T,T,T,1,188,2008,F,,,"Gulf Flounder","Paralichthys albigutta",Paralichthyidae
T51,065,2009-06-24,32,3.427,80,24.851,,,SCDNR,T,"AR Metal Wreck","Betsy Ross",90173,A412,1,477,,,,,F,5,T,T,T,6,178,2003,F,,,"Gulf Flounder","Paralichthys albigutta",Paralichthyidae
T51,065,2009-06-24,32,3.427,80,24.851,,,SCDNR,T,"AR Metal Wreck","Betsy Ross",90173,A412,4,440,,,,,F,5,T,T,T,5,189,2004,F,,,"Gulf Flounder","Paralichthys albigutta",Paralichthyidae
T51,065,2009-06-24,32,3.427,80,24.851,,,SCDNR,T,"AR Metal Wreck","Betsy Ross",90173,A412,3,571,,,,,F,5,T,T,T,7,203,2002,F,,,"Gulf Flounder","Paralichthys albigutta",Paralichthyidae
T51,,2009-05-06,31,37.300,81,3.660,6,,SEAMAP,T,Unknown,"Station 37M9",90203,A412,1,306,,311,,,,,T,T,F,2,,2007,F,,,"Gulf Flounder","Paralichthys albigutta",Paralichthyidae
T51,,2009-05-06,31,58.230,80,45.240,10,,SEAMAP,T,Unknown,"Station 39M1",90215,A412,1,195,,77,,,,,T,T,F,1,,2008,F,,,"Gulf Flounder","Paralichthys albigutta",Paralichthyidae
T51,,2009-05-02,33,28.000,79,0.020,9,,SEAMAP,T,Unknown,"Station 51M3",90219,A414,2,297,,330,,,,,T,T,F,2,,2007,F,,,"Southern Flounder","Paralichthys lethostigma",Paralichthyidae
T51,,2009-05-02,33,28.000,79,0.020,9,,SEAMAP,T,Unknown,"Station 51M3",90219,A414,1,288,,262,,,,,T,T,F,2,,2007,F,,,"Southern Flounder","Paralichthys lethostigma",Paralichthyidae
T51,065,2010-01-07,32,33.140,79,40.100,18,10.6,SCDNR,T,"AR Metal","Charleston 60 APCs",100221,A412,1,354,,520,7.6,510.0,M,12,T,T,T,2,,2008,F,,,"Gulf Flounder","Paralichthys albigutta",Paralichthyidae
T51,065,2010-01-07,32,32.966,79,40.374,18,10.6,SCDNR,T,"AR Metal Concrete","Charleston 60 Bridge Rubble",100222,A412,1,462,,1470,52.2,1230.0,F,11,T,T,T,3,1112,2007,F,1,,"Gulf Flounder","Paralichthys albigutta",Paralichthyidae
T51,065,2010-01-07,32,32.966,79,40.374,18,10.6,SCDNR,T,"AR Metal Concrete","Charleston 60 Bridge Rubble",100222,A412,16,387,,940,35.2,830.0,F,10,T,T,T,,1182,,F,,,"Gulf Flounder","Paralichthys albigutta",Paralichthyidae
T51,065,2010-01-07,32,32.966,79,40.374,18,10.6,SCDNR,T,"AR Metal Concrete","Charleston 60 Bridge Rubble",100222,A412,12,611,,3130,167.6,2850.0,F,11,T,F,T,6,1165,2004,F,,,"Gulf Flounder","Paralichthys albigutta",Paralichthyidae
T51,065,2010-01-07,32,32.966,79,40.374,18,10.6,SCDNR,T,"AR Metal Concrete","Charleston 60 Bridge Rubble",100222,A412,8,575,,2750,122.6,2460.0,F,10,T,T,T,10,1059,2000,F,3,,"Gulf Flounder","Paralichthys albigutta",Paralichthyidae
T51,065,2010-01-07,32,32.966,79,40.374,18,10.6,SCDNR,T,"AR Metal Concrete","Charleston 60 Bridge Rubble",100222,A412,4,515,,1920,77.2,1720.0,F,11,T,T,T,6,1146,2004,F,2,,"Gulf Flounder","Paralichthys albigutta",Paralichthyidae
T51,065,2010-01-07,32,32.966,79,40.374,18,10.6,SCDNR,T,"AR Metal Concrete","Charleston 60 Bridge Rubble",100222,A412,15,460,,1270,21.4,1190.0,M,12,T,F,T,6,,2004,F,,,"Gulf Flounder","Paralichthys albigutta",Paralichthyidae
T51,065,2010-01-07,32,32.966,79,40.374,18,10.6,SCDNR,T,"AR Metal Concrete","Charleston 60 Bridge Rubble",100222,A412,11,458,,1200,9.2,1180.0,M,12,T,F,T,5,,2005,F,,,"Gulf Flounder","Paralichthys albigutta",Paralichthyidae
T51,065,2010-01-07,32,32.966,79,40.374,18,10.6,SCDNR,T,"AR Metal Concrete","Charleston 60 Bridge Rubble",100222,A412,7,629,,3470,110.1,3160.0,F,4,T,T,T,9,949,2001,F,,,"Gulf Flounder","Paralichthys albigutta",Paralichthyidae
T51,065,2010-01-07,32,32.966,79,40.374,18,10.6,SCDNR,T,"AR Metal Concrete","Charleston 60 Bridge Rubble",100222,A412,3,537,,2130,116.2,2000.0,F,11,T,T,T,6,1151,2004,F,3,,"Gulf Flounder","Paralichthys albigutta",Paralichthyidae
T51,065,2010-01-07,32,32.966,79,40.374,18,10.6,SCDNR,T,"AR Metal Concrete","Charleston 60 Bridge Rubble",100222,A412,14,438,,1220,,1150.0,M,12,T,T,T,6,,2004,F,,,"Gulf Flounder","Paralichthys albigutta",Paralichthyidae
T51,065,2010-01-07,32,32.966,79,40.374,18,10.6,SCDNR,T,"AR Metal Concrete","Charleston 60 Bridge Rubble",100222,A412,10,530,,2100,104.5,1980.0,F,11,T,T,T,6,1100,2004,F,,,"Gulf Flounder","Paralichthys albigutta",Paralichthyidae
T51,065,2010-01-07,32,32.966,79,40.374,18,10.6,SCDNR,T,"AR Metal Concrete","Charleston 60 Bridge Rubble",100222,A412,6,603,,3180,141.5,2800.0,F,10,T,T,T,8,1000,2002,F,3,,"Gulf Flounder","Paralichthys albigutta",Paralichthyidae
T51,065,2010-01-07,32,32.966,79,40.374,18,10.6,SCDNR,T,"AR Metal Concrete","Charleston 60 Bridge Rubble",100222,A412,2,421,,1020,34.5,910.0,F,10,T,T,T,2,965,2008,F,2,,"Gulf Flounder","Paralichthys albigutta",Paralichthyidae
T51,065,2010-01-07,32,32.966,79,40.374,18,10.6,SCDNR,T,"AR Metal Concrete","Charleston 60 Bridge Rubble",100222,A412,13,562,,2470,111.0,2270.0,F,10,T,T,T,6,1086,2004,F,,,"Gulf Flounder","Paralichthys albigutta",Paralichthyidae
T51,065,2010-01-07,32,32.966,79,40.374,18,10.6,SCDNR,T,"AR Metal Concrete","Charleston 60 Bridge Rubble",100222,A412,9,462,,1280,22.5,1230.0,M,12,T,T,T,6,,2004,F,,,"Gulf Flounder","Paralichthys albigutta",Paralichthyidae
T51,065,2010-01-07,32,32.966,79,40.374,18,10.6,SCDNR,T,"AR Metal Concrete","Charleston 60 Bridge Rubble",100222,A412,5,374,,620,5.7,610.0,M,12,T,F,T,5,,2005,F,,,"Gulf Flounder","Paralichthys albigutta",Paralichthyidae
T51,065,2010-01-14,32,14.601,79,50.748,24,10.6,SCDNR,T,"AR Metal Sand","Edisto Offshore Shipping Containers",100224,A412,2,538,,2010,113.1,1830.0,F,10,T,T,T,6,1046,2004,F,,,"Gulf Flounder","Paralichthys albigutta",Paralichthyidae
T51,065,2010-01-14,32,14.601,79,50.748,24,10.6,SCDNR,T,"AR Metal Sand","Edisto Offshore Shipping Containers",100224,A412,1,595,,2700,111.0,2570.0,F,4,T,T,T,6,1017,2004,F,,,"Gulf Flounder","Paralichthys albigutta",Paralichthyidae
T51,065,2010-01-27,32,33.813,79,27.175,21,11.7,SCDNR,T,"AR Concrete","Area 51",100234,A412,1,416,,860,11.5,840.0,M,12,T,T,T,4,,2006,F,,,"Gulf Flounder","Paralichthys albigutta",Paralichthyidae
T51,065,2010-01-28,32,32.056,79,33.000,21,15.0,SCDNR,T,"Live Bottom","Chamberlain's Gulch 2",100237,A412,1,332,,388,3.2,383.9,M,12,T,T,T,2,,2008,F,,,"Gulf Flounder","Paralichthys albigutta",Paralichthyidae
T51,TRL,2010-02-09,32,18.700,80,38.800,8,,"Crustacean Management",T,Unknown,"Inshore Trawl",100240,A414,1,206,,84,,,,,T,F,F,1,,2009,F,,,"Southern Flounder","Paralichthys lethostigma",Paralichthyidae
T51,TRL,2010-02-08,32,30.600,80,32.170,8,,"Crustacean Management",T,Unknown,"Inshore Trawl",100241,A414,2,245,,159,,,F,1,T,T,T,1,115,2009,F,,,"Southern Flounder","Paralichthys lethostigma",Paralichthyidae
T51,TRL,2010-02-08,32,30.600,80,32.170,8,,"Crustacean Management",T,Unknown,"Inshore Trawl",100241,A414,1,265,,178,,,M,12,T,T,T,2,,2008,F,,,"Southern Flounder","Paralichthys lethostigma",Paralichthyidae
T51,TRL,2010-02-09,32,10.570,80,43.740,9,,"Crustacean Management",T,Unknown,"Inshore Trawl",100242,A414,1,230,,127,,,F,,T,T,T,1,,2009,F,,,"Southern Flounder","Paralichthys lethostigma",Paralichthyidae
T51,TRL,2010-02-10,32,33.500,80,24.500,5,,"Crustacean Management",T,Unknown,"Inshore Trawl",100243,A414,3,199,,71,,,M,,T,T,F,1,,2009,F,,,"Southern Flounder","Paralichthys lethostigma",Paralichthyidae
T51,TRL,2010-02-10,32,33.500,80,24.500,5,,"Crustacean Management",T,Unknown,"Inshore Trawl",100243,A414,2,164,,39,,,,,T,T,F,1,,2009,F,,,"Southern Flounder","Paralichthys lethostigma",Paralichthyidae
T51,TRL,2010-02-10,32,33.500,80,24.500,5,,"Crustacean Management",T,Unknown,"Inshore Trawl",100243,A414,1,118,,14,,,,,T,T,F,1,,2009,F,,,"Southern Flounder","Paralichthys lethostigma",Paralichthyidae
T51,TRL,2010-02-10,32,31.080,80,24.500,7,,"Crustacean Management",T,Unknown,"Inshore Trawl",100244,A414,2,210,,97,,,F,,F,F,T,1,,2009,F,,,"Southern Flounder","Paralichthys lethostigma",Paralichthyidae
T51,TRL,2010-02-10,32,31.080,80,24.500,7,,"Crustacean Management",T,Unknown,"Inshore Trawl",100244,A414,1,154,,33,,,F,,F,F,T,1,,2009,F,,,"Southern Flounder","Paralichthys lethostigma",Paralichthyidae
T51,014,2010-02-20,32,32.990,79,40.390,18,,"Matt Perkinson",T,"AR Metal Concrete Sand","Charleston 60 Bridge Rubble",100247,A412,1,592,,3402,200.0,3193.0,F,11,T,T,T,6,1234,2004,F,3,,"Gulf Flounder","Paralichthys albigutta",Paralichthyidae
T51,065,2010-03-09,32,56.819,78,54.617,27,14.4,SCDNR,T,"AR Metal","Submarine Kennels",100248,A412,1,365,,653,47.5,589.0,F,3,T,T,T,2,1686,2008,F,3,,"Gulf Flounder","Paralichthys albigutta",Paralichthyidae
T51,065,2010-03-09,32,56.819,78,54.617,28,14.4,SCDNR,T,"AR Metal","Submarine Kennels",100249,A412,1,346,,498,5.9,488.8,M,12,T,T,T,3,,2007,F,,,"Gulf Flounder","Paralichthys albigutta",Paralichthyidae
T51,065,2010-03-09,32,56.819,78,54.617,28,14.4,SCDNR,T,"AR Metal","Submarine Kennels",100249,A412,4,395,,825,75.6,736.0,F,10,T,T,T,3,1029,2007,F,1,,"Gulf Flounder","Paralichthys albigutta",Paralichthyidae
T51,065,2010-03-09,32,56.819,78,54.617,28,14.4,SCDNR,T,"AR Metal","Submarine Kennels",100249,A412,3,313,,406,21.4,371.6,F,10,T,T,T,2,1042,2008,F,2,,"Gulf Flounder","Paralichthys albigutta",Paralichthyidae
T51,065,2010-03-09,32,56.819,78,54.617,28,14.4,SCDNR,T,"AR Metal","Submarine Kennels",100249,A412,2,338,,429,5.6,414.7,F,4,T,T,T,2,1068,2008,F,,2,"Gulf Flounder","Paralichthys albigutta",Paralichthyidae
T51,065,2010-03-09,32,56.797,78,54.777,27,14.4,SCDNR,T,"AR Metal","Greenville Reef Drydock & Joann",100250,A412,1,383,,677,9.9,663.5,M,12,T,T,T,3,,2007,F,,,"Gulf Flounder","Paralichthys albigutta",Paralichthyidae
T51,065,2010-03-10,32,21.557,80,5.267,20,10.6,SCDNR,T,"AR Metal Wreck","Edisto 60 330 Page",100254,A412,1,344,,461,26.9,418.8,F,4,T,T,T,2,1201,2008,F,,1,"Gulf Flounder","Paralichthys albigutta",Paralichthyidae
T51,065,2010-03-24,32,31.945,79,33.118,23,13.9,SCDNR,T,"Live Bottom","Chamberlain's Gulch 1",100255,A412,2,455,,1090,13.3,1023.0,M,12,T,T,T,5,,2005,F,,,"Gulf Flounder","Paralichthys albigutta",Paralichthyidae
T51,065,2010-03-24,32,31.945,79,33.118,23,13.9,SCDNR,T,"Live Bottom","Chamberlain's Gulch 1",100255,A412,1,458,,1062,46.1,1014.0,F,11,T,T,T,4,1161,2006,F,2,1,"Gulf Flounder","Paralichthys albigutta",Paralichthyidae
T51,065,2010-03-24,32,31.960,79,33.171,23,13.9,SCDNR,T,"Live Bottom","Chamberlain's Gulch 3",100256,A412,1,428,,897,30.2,857.7,F,4,T,T,T,3,1066,2007,F,,1,"Gulf Flounder","Paralichthys albigutta",Paralichthyidae
T51,065,2010-04-24,32,33.150,79,40.100,18,18.9,"Chuck Tucker",T,"AR Metal","Charleston 60 APCs",100269,A412,1,479,,1350,26.5,1305.0,F,4,T,T,T,6,848,2004,F,,3,"Gulf Flounder","Paralichthys albigutta",Paralichthyidae
T51,065,2010-11-23,32,33.350,79,40.300,19,18.9,SCDNR,T,"AR Metal Wreck","Charleston 60 240 Barge",100272,A412,2,604,,2630,71.7,2514.4,F,3,T,T,T,,,,F,,,"Gulf Flounder","Paralichthys albigutta",Paralichthyidae
T51,065,2010-11-23,32,33.350,79,40.300,19,18.9,SCDNR,T,"AR Metal Wreck","Charleston 60 240 Barge",100272,A412,1,464,,1116,19.4,1080.4,M,,T,T,F,,,,F,,,"Gulf Flounder","Paralichthys albigutta",Paralichthyidae
T51,065,2010-11-23,32,33.350,79,40.300,19,18.9,SCDNR,T,"AR Metal Wreck","Charleston 60 240 Barge",100272,A412,3,530,,1595,27.3,1561.9,M,,T,T,F,,,,F,,,"Gulf Flounder","Paralichthys albigutta",Paralichthyidae
T51,065,2010-11-23,32,33.140,79,40.100,18,19.4,SCDNR,T,"AR Metal","Charleston 60 APCs",100273,A412,3,445,,1027,49.2,974.4,F,3,T,T,T,,,,F,,,"Gulf Flounder","Paralichthys albigutta",Paralichthyidae
T51,065,2010-11-23,32,33.140,79,40.100,18,19.4,SCDNR,T,"AR Metal","Charleston 60 APCs",100273,A412,2,512,,1728,47.3,1678.9,F,3,T,T,T,,,,F,,,"Gulf Flounder","Paralichthys albigutta",Paralichthyidae
T51,065,2010-11-23,32,33.140,79,40.100,18,19.4,SCDNR,T,"AR Metal","Charleston 60 APCs",100273,A412,1,444,,1085,60.8,1017.9,F,3,T,T,T,,,,F,,,"Gulf Flounder","Paralichthys albigutta",Paralichthyidae
